Brand,Product,Date,Number of Distributors,Distributors,Countries
Bel-Ray,GEAR SAVER TRANS OIL 80W 12/1 LT,19/11/2021,10,https://motorex.com/en-us/gear-oil-ep-sae-80w--23868 https://www.belray.com/product/gear-saver-transmission-oil/ https://dir.indiamart.com/impcat/gear-oil.html https://dir.indiamart.com/pune/transmission-oil.html https://info.nsf.org/USDA/Listings.asp https://www.fc-moto.de/en/Bel-Ray-Gear-Saver-80W-Transmission-Oil-1-Liter https://www.peterstevens.com.au/riding-gear/brand/motorex.html https://www.cyclegear.com/accessories/maxima-premium-gear-oil https://www.amazon.com/belray-gear-saver-80w/s?k=belray+gear+saver+80w https://www.amazon.com/Bel-Ray-Saver-Motorcycle-Transmission-99240-B1LW/dp/B0045L91W8 https://www.walmart.com/c/kp/hypoid-gear-oil-sae-80 https://www.ebay.com/b/GL-4-GL-Rating-Vehicle-Gear-and-Differential-Oil/179494/bn_116785419 https://www.suzukiqatar.com/?q=product/motorex-gear-oil-sae-10w30-sae-80w85-api-gl-4.html https://www.dragspecialties.com/browse/pu-maintenance-supplies/381119696418297896917c16557b96ea,United States of America_Japan_Japan_United Kingdom_United States of America_United States of America_United States of America_United States of America_United States of America_Italy_Italy_Germany_Germany_Germany
Bel-Ray,GEAR SAVER TRANS OIL 80W 12/1 LT,20/11/2021,20,https://motorex.com/en-us/gear-oil-ep-sae-80w--23868 https://www.belray.com/product/gear-saver-transmission-oil/ https://dir.indiamart.com/impcat/gear-oil.html https://dir.indiamart.com/pune/transmission-oil.html https://info.nsf.org/USDA/Listings.asp https://www.fc-moto.de/en/Bel-Ray-Gear-Saver-80W-Transmission-Oil-1-Liter https://www.peterstevens.com.au/riding-gear/brand/motorex.html https://www.cyclegear.com/accessories/maxima-premium-gear-oil https://www.amazon.com/belray-gear-saver-80w/s?k=belray+gear+saver+80w https://www.amazon.com/Bel-Ray-Saver-Motorcycle-Transmission-99240-B1LW/dp/B0045L91W8 https://www.walmart.com/c/kp/hypoid-gear-oil-sae-80 https://www.ebay.com/b/GL-4-GL-Rating-Vehicle-Gear-and-Differential-Oil/179494/bn_116785419 https://www.suzukiqatar.com/?q=product/motorex-gear-oil-sae-10w30-sae-80w85-api-gl-4.html https://www.dragspecialties.com/browse/pu-maintenance-supplies/381119696418297896917c16557b96ea,
Bel-Ray,GEAR SAVER TRANS OIL 80W 12/1 LT,21/11/2021,3,https://motorex.com/en-us/gear-oil-ep-sae-80w--23868 https://www.belray.com/product/gear-saver-transmission-oil/ https://dir.indiamart.com/impcat/gear-oil.html https://dir.indiamart.com/pune/transmission-oil.html https://info.nsf.org/USDA/Listings.asp https://www.fc-moto.de/en/Bel-Ray-Gear-Saver-80W-Transmission-Oil-1-Liter https://www.peterstevens.com.au/riding-gear/brand/motorex.html https://www.cyclegear.com/accessories/maxima-premium-gear-oil https://www.amazon.com/belray-gear-saver-80w/s?k=belray+gear+saver+80w https://www.amazon.com/Bel-Ray-Saver-Motorcycle-Transmission-99240-B1LW/dp/B0045L91W8 https://www.walmart.com/c/kp/hypoid-gear-oil-sae-80 https://www.ebay.com/b/GL-4-GL-Rating-Vehicle-Gear-and-Differential-Oil/179494/bn_116785419 https://www.suzukiqatar.com/?q=product/motorex-gear-oil-sae-10w30-sae-80w85-api-gl-4.html https://www.dragspecialties.com/browse/pu-maintenance-supplies/381119696418297896917c16557b96ea,United States of America_Japan_Japan_United Kingdom_United States of America_United States of America_United States of America_United States of America_United States of America
Bel-Ray,GEAR SAVER TRANS OIL 80W 12/1 LT,22/11/2021,15,https://motorex.com/en-us/gear-oil-ep-sae-80w--23868 https://www.belray.com/product/gear-saver-transmission-oil/ https://dir.indiamart.com/impcat/gear-oil.html https://dir.indiamart.com/pune/transmission-oil.html https://info.nsf.org/USDA/Listings.asp https://www.fc-moto.de/en/Bel-Ray-Gear-Saver-80W-Transmission-Oil-1-Liter https://www.peterstevens.com.au/riding-gear/brand/motorex.html https://www.cyclegear.com/accessories/maxima-premium-gear-oil https://www.amazon.com/belray-gear-saver-80w/s?k=belray+gear+saver+80w https://www.amazon.com/Bel-Ray-Saver-Motorcycle-Transmission-99240-B1LW/dp/B0045L91W8 https://www.walmart.com/c/kp/hypoid-gear-oil-sae-80 https://www.ebay.com/b/GL-4-GL-Rating-Vehicle-Gear-and-Differential-Oil/179494/bn_116785419 https://www.suzukiqatar.com/?q=product/motorex-gear-oil-sae-10w30-sae-80w85-api-gl-4.html https://www.dragspecialties.com/browse/pu-maintenance-supplies/381119696418297896917c16557b96ea,United States of America_Japan_Japan_United Kingdom_United States of America_United States of America_United States of America_United States of America_United States of America
Bel-Ray,GEAR SAVER TRANS OIL 80W 12/1 LT,23/11/2021,64,https://motorex.com/en-us/gear-oil-ep-sae-80w--23868 https://www.belray.com/product/gear-saver-transmission-oil/ https://dir.indiamart.com/impcat/gear-oil.html https://dir.indiamart.com/pune/transmission-oil.html https://info.nsf.org/USDA/Listings.asp https://www.fc-moto.de/en/Bel-Ray-Gear-Saver-80W-Transmission-Oil-1-Liter https://www.peterstevens.com.au/riding-gear/brand/motorex.html https://www.cyclegear.com/accessories/maxima-premium-gear-oil https://www.amazon.com/belray-gear-saver-80w/s?k=belray+gear+saver+80w https://www.amazon.com/Bel-Ray-Saver-Motorcycle-Transmission-99240-B1LW/dp/B0045L91W8 https://www.walmart.com/c/kp/hypoid-gear-oil-sae-80 https://www.ebay.com/b/GL-4-GL-Rating-Vehicle-Gear-and-Differential-Oil/179494/bn_116785419 https://www.suzukiqatar.com/?q=product/motorex-gear-oil-sae-10w30-sae-80w85-api-gl-4.html https://www.dragspecialties.com/browse/pu-maintenance-supplies/381119696418297896917c16557b96ea,United States of America_Japan_Japan_United Kingdom_United States of America_United States of America_United States of America_United States of America_United States of America_Italy_Italy_Germany_Germany_Germany
Bel-Ray,GEAR SAVER TRANS OIL 80W 12/1 LT,24/11/2021,85,https://motorex.com/en-us/gear-oil-ep-sae-80w--23868 https://www.belray.com/product/gear-saver-transmission-oil/ https://dir.indiamart.com/impcat/gear-oil.html https://dir.indiamart.com/pune/transmission-oil.html https://info.nsf.org/USDA/Listings.asp https://www.fc-moto.de/en/Bel-Ray-Gear-Saver-80W-Transmission-Oil-1-Liter https://www.peterstevens.com.au/riding-gear/brand/motorex.html https://www.cyclegear.com/accessories/maxima-premium-gear-oil https://www.amazon.com/belray-gear-saver-80w/s?k=belray+gear+saver+80w https://www.amazon.com/Bel-Ray-Saver-Motorcycle-Transmission-99240-B1LW/dp/B0045L91W8 https://www.walmart.com/c/kp/hypoid-gear-oil-sae-80 https://www.ebay.com/b/GL-4-GL-Rating-Vehicle-Gear-and-Differential-Oil/179494/bn_116785419 https://www.suzukiqatar.com/?q=product/motorex-gear-oil-sae-10w30-sae-80w85-api-gl-4.html https://www.dragspecialties.com/browse/pu-maintenance-supplies/381119696418297896917c16557b96ea,United States of America_Japan_Japan_United Kingdom_United States of America_United States of America_United States of America_United States of America_United States of America
Bel-Ray,GEAR SAVER TRANS OIL 80W 12/1 LT,25/11/2021,65,https://motorex.com/en-us/gear-oil-ep-sae-80w--23868 https://www.belray.com/product/gear-saver-transmission-oil/ https://dir.indiamart.com/impcat/gear-oil.html https://dir.indiamart.com/pune/transmission-oil.html https://info.nsf.org/USDA/Listings.asp https://www.fc-moto.de/en/Bel-Ray-Gear-Saver-80W-Transmission-Oil-1-Liter https://www.peterstevens.com.au/riding-gear/brand/motorex.html https://www.cyclegear.com/accessories/maxima-premium-gear-oil https://www.amazon.com/belray-gear-saver-80w/s?k=belray+gear+saver+80w https://www.amazon.com/Bel-Ray-Saver-Motorcycle-Transmission-99240-B1LW/dp/B0045L91W8 https://www.walmart.com/c/kp/hypoid-gear-oil-sae-80 https://www.ebay.com/b/GL-4-GL-Rating-Vehicle-Gear-and-Differential-Oil/179494/bn_116785419 https://www.suzukiqatar.com/?q=product/motorex-gear-oil-sae-10w30-sae-80w85-api-gl-4.html https://www.dragspecialties.com/browse/pu-maintenance-supplies/381119696418297896917c16557b96ea,United States of America_Japan_Japan_United Kingdom_United States of America_United States of America_United States of America_United States of America_United States of America_Italy_Italy_Germany_Germany_Germany
Bel-Ray,GEAR SAVER TRANS OIL 80W 12/1 LT,26/11/2021,73,https://motorex.com/en-us/gear-oil-ep-sae-80w--23868 https://www.belray.com/product/gear-saver-transmission-oil/ https://dir.indiamart.com/impcat/gear-oil.html https://dir.indiamart.com/pune/transmission-oil.html https://info.nsf.org/USDA/Listings.asp https://www.fc-moto.de/en/Bel-Ray-Gear-Saver-80W-Transmission-Oil-1-Liter https://www.peterstevens.com.au/riding-gear/brand/motorex.html https://www.cyclegear.com/accessories/maxima-premium-gear-oil https://www.amazon.com/belray-gear-saver-80w/s?k=belray+gear+saver+80w https://www.amazon.com/Bel-Ray-Saver-Motorcycle-Transmission-99240-B1LW/dp/B0045L91W8 https://www.walmart.com/c/kp/hypoid-gear-oil-sae-80 https://www.ebay.com/b/GL-4-GL-Rating-Vehicle-Gear-and-Differential-Oil/179494/bn_116785419 https://www.suzukiqatar.com/?q=product/motorex-gear-oil-sae-10w30-sae-80w85-api-gl-4.html https://www.dragspecialties.com/browse/pu-maintenance-supplies/381119696418297896917c16557b96ea,
Bel-Ray,GEAR SAVER TRANS OIL 80W 12/1 LT,27/11/2021,76,https://motorex.com/en-us/gear-oil-ep-sae-80w--23868 https://www.belray.com/product/gear-saver-transmission-oil/ https://dir.indiamart.com/impcat/gear-oil.html https://dir.indiamart.com/pune/transmission-oil.html https://info.nsf.org/USDA/Listings.asp https://www.fc-moto.de/en/Bel-Ray-Gear-Saver-80W-Transmission-Oil-1-Liter https://www.peterstevens.com.au/riding-gear/brand/motorex.html https://www.cyclegear.com/accessories/maxima-premium-gear-oil https://www.amazon.com/belray-gear-saver-80w/s?k=belray+gear+saver+80w https://www.amazon.com/Bel-Ray-Saver-Motorcycle-Transmission-99240-B1LW/dp/B0045L91W8 https://www.walmart.com/c/kp/hypoid-gear-oil-sae-80 https://www.ebay.com/b/GL-4-GL-Rating-Vehicle-Gear-and-Differential-Oil/179494/bn_116785419 https://www.suzukiqatar.com/?q=product/motorex-gear-oil-sae-10w30-sae-80w85-api-gl-4.html https://www.dragspecialties.com/browse/pu-maintenance-supplies/381119696418297896917c16557b96ea,
Bel-Ray,GEAR SAVER TRANS OIL 80W 12/1 LT,28/11/2021,77,https://motorex.com/en-us/gear-oil-ep-sae-80w--23868 https://www.belray.com/product/gear-saver-transmission-oil/ https://dir.indiamart.com/impcat/gear-oil.html https://dir.indiamart.com/pune/transmission-oil.html https://info.nsf.org/USDA/Listings.asp https://www.fc-moto.de/en/Bel-Ray-Gear-Saver-80W-Transmission-Oil-1-Liter https://www.peterstevens.com.au/riding-gear/brand/motorex.html https://www.cyclegear.com/accessories/maxima-premium-gear-oil https://www.amazon.com/belray-gear-saver-80w/s?k=belray+gear+saver+80w https://www.amazon.com/Bel-Ray-Saver-Motorcycle-Transmission-99240-B1LW/dp/B0045L91W8 https://www.walmart.com/c/kp/hypoid-gear-oil-sae-80 https://www.ebay.com/b/GL-4-GL-Rating-Vehicle-Gear-and-Differential-Oil/179494/bn_116785419 https://www.suzukiqatar.com/?q=product/motorex-gear-oil-sae-10w30-sae-80w85-api-gl-4.html https://www.dragspecialties.com/browse/pu-maintenance-supplies/381119696418297896917c16557b96ea,
Bel-Ray,GEAR SAVER TRANS OIL 80W 12/1 LT,29/11/2021,82,https://motorex.com/en-us/gear-oil-ep-sae-80w--23868 https://www.belray.com/product/gear-saver-transmission-oil/ https://dir.indiamart.com/impcat/gear-oil.html https://dir.indiamart.com/pune/transmission-oil.html https://info.nsf.org/USDA/Listings.asp https://www.fc-moto.de/en/Bel-Ray-Gear-Saver-80W-Transmission-Oil-1-Liter https://www.peterstevens.com.au/riding-gear/brand/motorex.html https://www.cyclegear.com/accessories/maxima-premium-gear-oil https://www.amazon.com/belray-gear-saver-80w/s?k=belray+gear+saver+80w https://www.amazon.com/Bel-Ray-Saver-Motorcycle-Transmission-99240-B1LW/dp/B0045L91W8 https://www.walmart.com/c/kp/hypoid-gear-oil-sae-80 https://www.ebay.com/b/GL-4-GL-Rating-Vehicle-Gear-and-Differential-Oil/179494/bn_116785419 https://www.suzukiqatar.com/?q=product/motorex-gear-oil-sae-10w30-sae-80w85-api-gl-4.html https://www.dragspecialties.com/browse/pu-maintenance-supplies/381119696418297896917c16557b96ea,
Bel-Ray,GEAR SAVER TRANS OIL 80W 12/1 LT,30/11/2021,83,https://motorex.com/en-us/gear-oil-ep-sae-80w--23868 https://www.belray.com/product/gear-saver-transmission-oil/ https://dir.indiamart.com/impcat/gear-oil.html https://dir.indiamart.com/pune/transmission-oil.html https://info.nsf.org/USDA/Listings.asp https://www.fc-moto.de/en/Bel-Ray-Gear-Saver-80W-Transmission-Oil-1-Liter https://www.peterstevens.com.au/riding-gear/brand/motorex.html https://www.cyclegear.com/accessories/maxima-premium-gear-oil https://www.amazon.com/belray-gear-saver-80w/s?k=belray+gear+saver+80w https://www.amazon.com/Bel-Ray-Saver-Motorcycle-Transmission-99240-B1LW/dp/B0045L91W8 https://www.walmart.com/c/kp/hypoid-gear-oil-sae-80 https://www.ebay.com/b/GL-4-GL-Rating-Vehicle-Gear-and-Differential-Oil/179494/bn_116785419 https://www.suzukiqatar.com/?q=product/motorex-gear-oil-sae-10w30-sae-80w85-api-gl-4.html https://www.dragspecialties.com/browse/pu-maintenance-supplies/381119696418297896917c16557b96ea,
Bel-Ray,GEAR SAVER TRANS OIL 80W 12/1 LT,01/12/2021,80,,
Bel-Ray,GEAR SAVER TRANS OIL 80W 12/1 LT,02/12/2021,93,,
Bel-Ray,GEAR SAVER TRANS OIL 80W 12/1 LT,03/12/2021,87,,
Bel-Ray,GEAR SAVER TRANS OIL 80W 12/1 LT,04/12/2021,32,,
Bel-Ray,GEAR SAVER TRANS OIL 80W 12/1 LT,05/12/2021,25,,
Bel-Ray,GEAR SAVER TRANS OIL 80W 12/1 LT,06/12/2021,11,,
Bel-Ray,GEAR SAVER TRANS OIL 80W 12/1 LT,07/12/2021,57,,
Bel-Ray,GEAR SAVER TRANS OIL 80W 12/1 LT,08/12/2021,65,,
Bel-Ray,GEAR SAVER TRANS OIL 80W 12/1 LT,09/12/2021,22,,
Bel-Ray,GEAR SAVER TRANS OIL 80W 12/1 LT,10/12/2021,10,,
Bel-Ray,GEAR SAVER TRANS OIL 80W 12/1 LT,11/12/2021,20,,
Bel-Ray,GEAR SAVER TRANS OIL 80W 12/1 LT,12/12/2021,3,,
Bel-Ray,GEAR SAVER TRANS OIL 80W 12/1 LT,13/12/2021,15,,
Bel-Ray,GEAR SAVER TRANS OIL 80W 12/1 LT,14/12/2021,64,,
Bel-Ray,GEAR SAVER TRANS OIL 80W 12/1 LT,15/12/2021,85,,
Bel-Ray,GEAR SAVER TRANS OIL 80W 12/1 LT,16/12/2021,65,,
Bel-Ray,GEAR SAVER TRANS OIL 80W 12/1 LT,17/12/2021,73,,
Bel-Ray,GEAR SAVER TRANS OIL 80W 12/1 LT,18/12/2021,76,,
Bel-Ray,GEAR SAVER TRANS OIL 80W 12/1 LT,19/12/2021,77,,
Bel-Ray,GEAR SAVER TRANS OIL 80W 12/1 LT,20/12/2021,82,,
Bel-Ray,GEAR SAVER TRANS OIL 80W 12/1 LT,21/12/2021,83,,
Bel-Ray,GEAR SAVER TRANS OIL 80W 12/1 LT,22/12/2021,80,,
Bel-Ray,GEAR SAVER TRANS OIL 80W 12/1 LT,23/12/2021,93,,
Bel-Ray,GEAR SAVER TRANS OIL 80W 12/1 LT,24/12/2021,87,,
Bel-Ray,GEAR SAVER TRANS OIL 80W 12/1 LT,25/12/2021,32,,
Bel-Ray,GEAR SAVER TRANS OIL 80W 12/1 LT,26/12/2021,25,,
Bel-Ray,GEAR SAVER TRANS OIL 80W 12/1 LT,27/12/2021,11,,
Bel-Ray,GEAR SAVER TRANS OIL 80W 12/1 LT,28/12/2021,57,,
Bel-Ray,GEAR SAVER TRANS OIL 80W 12/1 LT,29/12/2021,65,,
Bel-Ray,GEAR SAVER TRANS OIL 80W 12/1 LT,30/12/2021,22,,
Bel-Ray,GEAR SAVER TRANS OIL 80W 12/1 LT,31/12/2021,10,,
Bel-Ray,GEAR SAVER TRANS OIL 80W 12/1 LT,01/01/2022,20,,
Bel-Ray,GEAR SAVER TRANS OIL 80W 12/1 LT,02/01/2022,3,,
Bel-Ray,GEAR SAVER TRANS OIL 80W 12/1 LT,03/01/2022,15,,
Bel-Ray,GEAR SAVER TRANS OIL 80W 12/1 LT,04/01/2022,64,,
Bel-Ray,GEAR SAVER TRANS OIL 80W 12/1 LT,05/01/2022,85,,
Bel-Ray,GEAR SAVER TRANS OIL 80W 12/1 LT,06/01/2022,65,,
Bel-Ray,GEAR SAVER TRANS OIL 80W 12/1 LT,07/01/2022,73,,
Bel-Ray,GEAR SAVER TRANS OIL 80W 12/1 LT,08/01/2022,76,,
Bel-Ray,GEAR SAVER TRANS OIL 80W 12/1 LT,09/01/2022,77,,
Bel-Ray,GEAR SAVER TRANS OIL 80W 12/1 LT,10/01/2022,82,,
Bel-Ray,GEAR SAVER TRANS OIL 80W 12/1 LT,11/01/2022,83,,
Bel-Ray,GEAR SAVER TRANS OIL 80W 12/1 LT,12/01/2022,80,,
Bel-Ray,GEAR SAVER TRANS OIL 80W 12/1 LT,13/01/2022,93,,
Bel-Ray,GEAR SAVER TRANS OIL 80W 12/1 LT,14/01/2022,87,,
Bel-Ray,GEAR SAVER TRANS OIL 80W 12/1 LT,15/01/2022,32,,
Bel-Ray,GEAR SAVER TRANS OIL 80W 12/1 LT,16/01/2022,25,,
Bel-Ray,GEAR SAVER TRANS OIL 80W 12/1 LT,17/01/2022,11,,
Bel-Ray,GEAR SAVER TRANS OIL 80W 12/1 LT,18/01/2022,57,,
Bel-Ray,GEAR SAVER TRANS OIL 80W 12/1 LT,19/01/2022,65,,
Bel-Ray,GEAR SAVER TRANS OIL 80W 12/1 LT,20/01/2022,22,,
Bel-Ray,GEAR SAVER TRANS OIL 80W 12/1 LT,21/01/2022,10,,
Bel-Ray,GEAR SAVER TRANS OIL 80W 12/1 LT,22/01/2022,20,,
Bel-Ray,GEAR SAVER TRANS OIL 80W 12/1 LT,23/01/2022,3,,
Bel-Ray,GEAR SAVER TRANS OIL 80W 12/1 LT,24/01/2022,15,,
Bel-Ray,GEAR SAVER TRANS OIL 80W 12/1 LT,25/01/2022,64,,
Bel-Ray,GEAR SAVER TRANS OIL 80W 12/1 LT,26/01/2022,85,,
Bel-Ray,GEAR SAVER TRANS OIL 80W 12/1 LT,27/01/2022,65,,
Motul,GEAR SAVER TRANS OIL 80W 12/1 LT,19/11/2021,5,https://motorex.com/en-us/gear-oil-ep-sae-80w--23868 https://www.belray.com/product/gear-saver-transmission-oil/ https://dir.indiamart.com/impcat/gear-oil.html https://dir.indiamart.com/pune/transmission-oil.html https://info.nsf.org/USDA/Listings.asp https://www.fc-moto.de/en/Bel-Ray-Gear-Saver-80W-Transmission-Oil-1-Liter https://www.peterstevens.com.au/riding-gear/brand/motorex.html https://www.cyclegear.com/accessories/maxima-premium-gear-oil https://www.amazon.com/belray-gear-saver-80w/s?k=belray+gear+saver+80w https://www.amazon.com/Bel-Ray-Saver-Motorcycle-Transmission-99240-B1LW/dp/B0045L91W8 https://www.walmart.com/c/kp/hypoid-gear-oil-sae-80 https://www.ebay.com/b/GL-4-GL-Rating-Vehicle-Gear-and-Differential-Oil/179494/bn_116785419 https://www.suzukiqatar.com/?q=product/motorex-gear-oil-sae-10w30-sae-80w85-api-gl-4.html https://www.dragspecialties.com/browse/pu-maintenance-supplies/381119696418297896917c16557b96ea,United States of America_Japan_Japan_United Kingdom_United States of America_United States of America_United States of America_United States of America_United States of America_Italy_Italy_Germany_Germany_Germany
Motul,GEAR SAVER TRANS OIL 80W 12/1 LT,20/11/2021,10,https://motorex.com/en-us/gear-oil-ep-sae-80w--23868 https://www.belray.com/product/gear-saver-transmission-oil/ https://dir.indiamart.com/impcat/gear-oil.html https://dir.indiamart.com/pune/transmission-oil.html https://info.nsf.org/USDA/Listings.asp https://www.fc-moto.de/en/Bel-Ray-Gear-Saver-80W-Transmission-Oil-1-Liter https://www.peterstevens.com.au/riding-gear/brand/motorex.html https://www.cyclegear.com/accessories/maxima-premium-gear-oil https://www.amazon.com/belray-gear-saver-80w/s?k=belray+gear+saver+80w https://www.amazon.com/Bel-Ray-Saver-Motorcycle-Transmission-99240-B1LW/dp/B0045L91W8 https://www.walmart.com/c/kp/hypoid-gear-oil-sae-80 https://www.ebay.com/b/GL-4-GL-Rating-Vehicle-Gear-and-Differential-Oil/179494/bn_116785419 https://www.suzukiqatar.com/?q=product/motorex-gear-oil-sae-10w30-sae-80w85-api-gl-4.html https://www.dragspecialties.com/browse/pu-maintenance-supplies/381119696418297896917c16557b96ea,
Motul,GEAR SAVER TRANS OIL 80W 12/1 LT,21/11/2021,1,https://motorex.com/en-us/gear-oil-ep-sae-80w--23868 https://www.belray.com/product/gear-saver-transmission-oil/ https://dir.indiamart.com/impcat/gear-oil.html https://dir.indiamart.com/pune/transmission-oil.html https://info.nsf.org/USDA/Listings.asp https://www.fc-moto.de/en/Bel-Ray-Gear-Saver-80W-Transmission-Oil-1-Liter https://www.peterstevens.com.au/riding-gear/brand/motorex.html https://www.cyclegear.com/accessories/maxima-premium-gear-oil https://www.amazon.com/belray-gear-saver-80w/s?k=belray+gear+saver+80w https://www.amazon.com/Bel-Ray-Saver-Motorcycle-Transmission-99240-B1LW/dp/B0045L91W8 https://www.walmart.com/c/kp/hypoid-gear-oil-sae-80 https://www.ebay.com/b/GL-4-GL-Rating-Vehicle-Gear-and-Differential-Oil/179494/bn_116785419 https://www.suzukiqatar.com/?q=product/motorex-gear-oil-sae-10w30-sae-80w85-api-gl-4.html https://www.dragspecialties.com/browse/pu-maintenance-supplies/381119696418297896917c16557b96ea,United States of America_Japan_Japan_United Kingdom_United States of America_United States of America_United States of America_United States of America_United States of America
Motul,GEAR SAVER TRANS OIL 80W 12/1 LT,22/11/2021,7,https://motorex.com/en-us/gear-oil-ep-sae-80w--23868 https://www.belray.com/product/gear-saver-transmission-oil/ https://dir.indiamart.com/impcat/gear-oil.html https://dir.indiamart.com/pune/transmission-oil.html https://info.nsf.org/USDA/Listings.asp https://www.fc-moto.de/en/Bel-Ray-Gear-Saver-80W-Transmission-Oil-1-Liter https://www.peterstevens.com.au/riding-gear/brand/motorex.html https://www.cyclegear.com/accessories/maxima-premium-gear-oil https://www.amazon.com/belray-gear-saver-80w/s?k=belray+gear+saver+80w https://www.amazon.com/Bel-Ray-Saver-Motorcycle-Transmission-99240-B1LW/dp/B0045L91W8 https://www.walmart.com/c/kp/hypoid-gear-oil-sae-80 https://www.ebay.com/b/GL-4-GL-Rating-Vehicle-Gear-and-Differential-Oil/179494/bn_116785419 https://www.suzukiqatar.com/?q=product/motorex-gear-oil-sae-10w30-sae-80w85-api-gl-4.html https://www.dragspecialties.com/browse/pu-maintenance-supplies/381119696418297896917c16557b96ea,United States of America_Japan_Japan_United Kingdom_United States of America_United States of America_United States of America_United States of America_United States of America
Motul,GEAR SAVER TRANS OIL 80W 12/1 LT,23/11/2021,32,https://motorex.com/en-us/gear-oil-ep-sae-80w--23868 https://www.belray.com/product/gear-saver-transmission-oil/ https://dir.indiamart.com/impcat/gear-oil.html https://dir.indiamart.com/pune/transmission-oil.html https://info.nsf.org/USDA/Listings.asp https://www.fc-moto.de/en/Bel-Ray-Gear-Saver-80W-Transmission-Oil-1-Liter https://www.peterstevens.com.au/riding-gear/brand/motorex.html https://www.cyclegear.com/accessories/maxima-premium-gear-oil https://www.amazon.com/belray-gear-saver-80w/s?k=belray+gear+saver+80w https://www.amazon.com/Bel-Ray-Saver-Motorcycle-Transmission-99240-B1LW/dp/B0045L91W8 https://www.walmart.com/c/kp/hypoid-gear-oil-sae-80 https://www.ebay.com/b/GL-4-GL-Rating-Vehicle-Gear-and-Differential-Oil/179494/bn_116785419 https://www.suzukiqatar.com/?q=product/motorex-gear-oil-sae-10w30-sae-80w85-api-gl-4.html https://www.dragspecialties.com/browse/pu-maintenance-supplies/381119696418297896917c16557b96ea,United States of America_Japan_Japan_United Kingdom_United States of America_United States of America_United States of America_United States of America_United States of America_Italy_Italy_Germany_Germany_Germany
Motul,GEAR SAVER TRANS OIL 80W 12/1 LT,24/11/2021,40,https://motorex.com/en-us/gear-oil-ep-sae-80w--23868 https://www.belray.com/product/gear-saver-transmission-oil/ https://dir.indiamart.com/impcat/gear-oil.html https://dir.indiamart.com/pune/transmission-oil.html https://info.nsf.org/USDA/Listings.asp https://www.fc-moto.de/en/Bel-Ray-Gear-Saver-80W-Transmission-Oil-1-Liter https://www.peterstevens.com.au/riding-gear/brand/motorex.html https://www.cyclegear.com/accessories/maxima-premium-gear-oil https://www.amazon.com/belray-gear-saver-80w/s?k=belray+gear+saver+80w https://www.amazon.com/Bel-Ray-Saver-Motorcycle-Transmission-99240-B1LW/dp/B0045L91W8 https://www.walmart.com/c/kp/hypoid-gear-oil-sae-80 https://www.ebay.com/b/GL-4-GL-Rating-Vehicle-Gear-and-Differential-Oil/179494/bn_116785419 https://www.suzukiqatar.com/?q=product/motorex-gear-oil-sae-10w30-sae-80w85-api-gl-4.html https://www.dragspecialties.com/browse/pu-maintenance-supplies/381119696418297896917c16557b96ea,United States of America_Japan_Japan_United Kingdom_United States of America_United States of America_United States of America_United States of America_United States of America
Motul,GEAR SAVER TRANS OIL 80W 12/1 LT,25/11/2021,32,https://motorex.com/en-us/gear-oil-ep-sae-80w--23868 https://www.belray.com/product/gear-saver-transmission-oil/ https://dir.indiamart.com/impcat/gear-oil.html https://dir.indiamart.com/pune/transmission-oil.html https://info.nsf.org/USDA/Listings.asp https://www.fc-moto.de/en/Bel-Ray-Gear-Saver-80W-Transmission-Oil-1-Liter https://www.peterstevens.com.au/riding-gear/brand/motorex.html https://www.cyclegear.com/accessories/maxima-premium-gear-oil https://www.amazon.com/belray-gear-saver-80w/s?k=belray+gear+saver+80w https://www.amazon.com/Bel-Ray-Saver-Motorcycle-Transmission-99240-B1LW/dp/B0045L91W8 https://www.walmart.com/c/kp/hypoid-gear-oil-sae-80 https://www.ebay.com/b/GL-4-GL-Rating-Vehicle-Gear-and-Differential-Oil/179494/bn_116785419 https://www.suzukiqatar.com/?q=product/motorex-gear-oil-sae-10w30-sae-80w85-api-gl-4.html https://www.dragspecialties.com/browse/pu-maintenance-supplies/381119696418297896917c16557b96ea,United States of America_Japan_Japan_United Kingdom_United States of America_United States of America_United States of America_United States of America_United States of America_Italy_Italy_Germany_Germany_Germany
Motul,GEAR SAVER TRANS OIL 80W 12/1 LT,26/11/2021,35,https://motorex.com/en-us/gear-oil-ep-sae-80w--23868 https://www.belray.com/product/gear-saver-transmission-oil/ https://dir.indiamart.com/impcat/gear-oil.html https://dir.indiamart.com/pune/transmission-oil.html https://info.nsf.org/USDA/Listings.asp https://www.fc-moto.de/en/Bel-Ray-Gear-Saver-80W-Transmission-Oil-1-Liter https://www.peterstevens.com.au/riding-gear/brand/motorex.html https://www.cyclegear.com/accessories/maxima-premium-gear-oil https://www.amazon.com/belray-gear-saver-80w/s?k=belray+gear+saver+80w https://www.amazon.com/Bel-Ray-Saver-Motorcycle-Transmission-99240-B1LW/dp/B0045L91W8 https://www.walmart.com/c/kp/hypoid-gear-oil-sae-80 https://www.ebay.com/b/GL-4-GL-Rating-Vehicle-Gear-and-Differential-Oil/179494/bn_116785419 https://www.suzukiqatar.com/?q=product/motorex-gear-oil-sae-10w30-sae-80w85-api-gl-4.html https://www.dragspecialties.com/browse/pu-maintenance-supplies/381119696418297896917c16557b96ea,
Motul,GEAR SAVER TRANS OIL 80W 12/1 LT,27/11/2021,35,https://motorex.com/en-us/gear-oil-ep-sae-80w--23868 https://www.belray.com/product/gear-saver-transmission-oil/ https://dir.indiamart.com/impcat/gear-oil.html https://dir.indiamart.com/pune/transmission-oil.html https://info.nsf.org/USDA/Listings.asp https://www.fc-moto.de/en/Bel-Ray-Gear-Saver-80W-Transmission-Oil-1-Liter https://www.peterstevens.com.au/riding-gear/brand/motorex.html https://www.cyclegear.com/accessories/maxima-premium-gear-oil https://www.amazon.com/belray-gear-saver-80w/s?k=belray+gear+saver+80w https://www.amazon.com/Bel-Ray-Saver-Motorcycle-Transmission-99240-B1LW/dp/B0045L91W8 https://www.walmart.com/c/kp/hypoid-gear-oil-sae-80 https://www.ebay.com/b/GL-4-GL-Rating-Vehicle-Gear-and-Differential-Oil/179494/bn_116785419 https://www.suzukiqatar.com/?q=product/motorex-gear-oil-sae-10w30-sae-80w85-api-gl-4.html https://www.dragspecialties.com/browse/pu-maintenance-supplies/381119696418297896917c16557b96ea,
Motul,GEAR SAVER TRANS OIL 80W 12/1 LT,28/11/2021,35,https://motorex.com/en-us/gear-oil-ep-sae-80w--23868 https://www.belray.com/product/gear-saver-transmission-oil/ https://dir.indiamart.com/impcat/gear-oil.html https://dir.indiamart.com/pune/transmission-oil.html https://info.nsf.org/USDA/Listings.asp https://www.fc-moto.de/en/Bel-Ray-Gear-Saver-80W-Transmission-Oil-1-Liter https://www.peterstevens.com.au/riding-gear/brand/motorex.html https://www.cyclegear.com/accessories/maxima-premium-gear-oil https://www.amazon.com/belray-gear-saver-80w/s?k=belray+gear+saver+80w https://www.amazon.com/Bel-Ray-Saver-Motorcycle-Transmission-99240-B1LW/dp/B0045L91W8 https://www.walmart.com/c/kp/hypoid-gear-oil-sae-80 https://www.ebay.com/b/GL-4-GL-Rating-Vehicle-Gear-and-Differential-Oil/179494/bn_116785419 https://www.suzukiqatar.com/?q=product/motorex-gear-oil-sae-10w30-sae-80w85-api-gl-4.html https://www.dragspecialties.com/browse/pu-maintenance-supplies/381119696418297896917c16557b96ea,
Motul,GEAR SAVER TRANS OIL 80W 12/1 LT,29/11/2021,45,https://motorex.com/en-us/gear-oil-ep-sae-80w--23868 https://www.belray.com/product/gear-saver-transmission-oil/ https://dir.indiamart.com/impcat/gear-oil.html https://dir.indiamart.com/pune/transmission-oil.html https://info.nsf.org/USDA/Listings.asp https://www.fc-moto.de/en/Bel-Ray-Gear-Saver-80W-Transmission-Oil-1-Liter https://www.peterstevens.com.au/riding-gear/brand/motorex.html https://www.cyclegear.com/accessories/maxima-premium-gear-oil https://www.amazon.com/belray-gear-saver-80w/s?k=belray+gear+saver+80w https://www.amazon.com/Bel-Ray-Saver-Motorcycle-Transmission-99240-B1LW/dp/B0045L91W8 https://www.walmart.com/c/kp/hypoid-gear-oil-sae-80 https://www.ebay.com/b/GL-4-GL-Rating-Vehicle-Gear-and-Differential-Oil/179494/bn_116785419 https://www.suzukiqatar.com/?q=product/motorex-gear-oil-sae-10w30-sae-80w85-api-gl-4.html https://www.dragspecialties.com/browse/pu-maintenance-supplies/381119696418297896917c16557b96ea,
Motul,GEAR SAVER TRANS OIL 80W 12/1 LT,30/11/2021,42,https://motorex.com/en-us/gear-oil-ep-sae-80w--23868 https://www.belray.com/product/gear-saver-transmission-oil/ https://dir.indiamart.com/impcat/gear-oil.html https://dir.indiamart.com/pune/transmission-oil.html https://info.nsf.org/USDA/Listings.asp https://www.fc-moto.de/en/Bel-Ray-Gear-Saver-80W-Transmission-Oil-1-Liter https://www.peterstevens.com.au/riding-gear/brand/motorex.html https://www.cyclegear.com/accessories/maxima-premium-gear-oil https://www.amazon.com/belray-gear-saver-80w/s?k=belray+gear+saver+80w https://www.amazon.com/Bel-Ray-Saver-Motorcycle-Transmission-99240-B1LW/dp/B0045L91W8 https://www.walmart.com/c/kp/hypoid-gear-oil-sae-80 https://www.ebay.com/b/GL-4-GL-Rating-Vehicle-Gear-and-Differential-Oil/179494/bn_116785419 https://www.suzukiqatar.com/?q=product/motorex-gear-oil-sae-10w30-sae-80w85-api-gl-4.html https://www.dragspecialties.com/browse/pu-maintenance-supplies/381119696418297896917c16557b96ea,
Motul,GEAR SAVER TRANS OIL 80W 12/1 LT,01/12/2021,40,,
Motul,GEAR SAVER TRANS OIL 80W 12/1 LT,02/12/2021,70,,
Motul,GEAR SAVER TRANS OIL 80W 12/1 LT,03/12/2021,30,,
Motul,GEAR SAVER TRANS OIL 80W 12/1 LT,04/12/2021,15,,
Motul,GEAR SAVER TRANS OIL 80W 12/1 LT,05/12/2021,65,,
Motul,GEAR SAVER TRANS OIL 80W 12/1 LT,06/12/2021,5,,
Motul,GEAR SAVER TRANS OIL 80W 12/1 LT,07/12/2021,25,,
Motul,GEAR SAVER TRANS OIL 80W 12/1 LT,08/12/2021,35,,
Motul,GEAR SAVER TRANS OIL 80W 12/1 LT,09/12/2021,5,,
Motul,GEAR SAVER TRANS OIL 80W 12/1 LT,10/12/2021,5,,
Motul,GEAR SAVER TRANS OIL 80W 12/1 LT,11/12/2021,10,,
Motul,GEAR SAVER TRANS OIL 80W 12/1 LT,12/12/2021,1,,
Motul,GEAR SAVER TRANS OIL 80W 12/1 LT,13/12/2021,6,,
Motul,GEAR SAVER TRANS OIL 80W 12/1 LT,14/12/2021,32,,
Motul,GEAR SAVER TRANS OIL 80W 12/1 LT,15/12/2021,32,,
Motul,GEAR SAVER TRANS OIL 80W 12/1 LT,16/12/2021,4,,
Motul,GEAR SAVER TRANS OIL 80W 12/1 LT,17/12/2021,56,,
Motul,GEAR SAVER TRANS OIL 80W 12/1 LT,18/12/2021,43,,
Motul,GEAR SAVER TRANS OIL 80W 12/1 LT,19/12/2021,22,,
Motul,GEAR SAVER TRANS OIL 80W 12/1 LT,20/12/2021,23,,
Motul,GEAR SAVER TRANS OIL 80W 12/1 LT,21/12/2021,43,,
Motul,GEAR SAVER TRANS OIL 80W 12/1 LT,22/12/2021,54,,
Motul,GEAR SAVER TRANS OIL 80W 12/1 LT,23/12/2021,44,,
Motul,GEAR SAVER TRANS OIL 80W 12/1 LT,24/12/2021,23,,
Motul,GEAR SAVER TRANS OIL 80W 12/1 LT,25/12/2021,31,,
Motul,GEAR SAVER TRANS OIL 80W 12/1 LT,26/12/2021,43,,
Motul,GEAR SAVER TRANS OIL 80W 12/1 LT,27/12/2021,24,,
Motul,GEAR SAVER TRANS OIL 80W 12/1 LT,28/12/2021,20,,
Motul,GEAR SAVER TRANS OIL 80W 12/1 LT,29/12/2021,30,,
Motul,GEAR SAVER TRANS OIL 80W 12/1 LT,30/12/2021,10,,
Motul,GEAR SAVER TRANS OIL 80W 12/1 LT,31/12/2021,5,,
Motul,GEAR SAVER TRANS OIL 80W 12/1 LT,01/01/2022,10,,
Motul,GEAR SAVER TRANS OIL 80W 12/1 LT,02/01/2022,1,,
Motul,GEAR SAVER TRANS OIL 80W 12/1 LT,03/01/2022,7,,
Motul,GEAR SAVER TRANS OIL 80W 12/1 LT,04/01/2022,32,,
Motul,GEAR SAVER TRANS OIL 80W 12/1 LT,05/01/2022,40,,
Motul,GEAR SAVER TRANS OIL 80W 12/1 LT,06/01/2022,32,,
Motul,GEAR SAVER TRANS OIL 80W 12/1 LT,07/01/2022,30,,
Motul,GEAR SAVER TRANS OIL 80W 12/1 LT,08/01/2022,35,,
Motul,GEAR SAVER TRANS OIL 80W 12/1 LT,09/01/2022,32,,
Motul,GEAR SAVER TRANS OIL 80W 12/1 LT,10/01/2022,32,,
Motul,GEAR SAVER TRANS OIL 80W 12/1 LT,11/01/2022,43,,
Motul,GEAR SAVER TRANS OIL 80W 12/1 LT,12/01/2022,54,,
Motul,GEAR SAVER TRANS OIL 80W 12/1 LT,13/01/2022,36,,
Motul,GEAR SAVER TRANS OIL 80W 12/1 LT,14/01/2022,78,,
Motul,GEAR SAVER TRANS OIL 80W 12/1 LT,15/01/2022,90,,
Motul,GEAR SAVER TRANS OIL 80W 12/1 LT,16/01/2022,12,,
Motul,GEAR SAVER TRANS OIL 80W 12/1 LT,17/01/2022,2,,
Motul,GEAR SAVER TRANS OIL 80W 12/1 LT,18/01/2022,13,,
Motul,GEAR SAVER TRANS OIL 80W 12/1 LT,19/01/2022,15,,
Motul,GEAR SAVER TRANS OIL 80W 12/1 LT,20/01/2022,65,,
Motul,GEAR SAVER TRANS OIL 80W 12/1 LT,21/01/2022,4,,
Motul,GEAR SAVER TRANS OIL 80W 12/1 LT,22/01/2022,54,,
Motul,GEAR SAVER TRANS OIL 80W 12/1 LT,23/01/2022,5,,
Motul,GEAR SAVER TRANS OIL 80W 12/1 LT,24/01/2022,5,,
Motul,GEAR SAVER TRANS OIL 80W 12/1 LT,25/01/2022,4,,
Motul,GEAR SAVER TRANS OIL 80W 12/1 LT,26/01/2022,40,,
Motul,GEAR SAVER TRANS OIL 80W 12/1 LT,27/01/2022,30,,
Bel-Ray,SHOP OIL 20W-50 DR,19/11/2021,10,,
Bel-Ray,SHOP OIL 20W-50 DR,20/11/2021,20,,
Bel-Ray,SHOP OIL 20W-50 DR,21/11/2021,3,,
Bel-Ray,SHOP OIL 20W-50 DR,22/11/2021,15,,
Bel-Ray,SHOP OIL 20W-50 DR,23/11/2021,64,,
Bel-Ray,SHOP OIL 20W-50 DR,24/11/2021,85,,
Bel-Ray,SHOP OIL 20W-50 DR,25/11/2021,65,,
Bel-Ray,SHOP OIL 20W-50 DR,26/11/2021,73,,
Bel-Ray,SHOP OIL 20W-50 DR,27/11/2021,76,,
Bel-Ray,SHOP OIL 20W-50 DR,28/11/2021,77,,
Bel-Ray,SHOP OIL 20W-50 DR,29/11/2021,82,,
Bel-Ray,SHOP OIL 20W-50 DR,30/11/2021,83,,
Bel-Ray,SHOP OIL 20W-50 DR,01/12/2021,80,,
Bel-Ray,SHOP OIL 20W-50 DR,02/12/2021,93,,
Bel-Ray,SHOP OIL 20W-50 DR,03/12/2021,87,,
Bel-Ray,SHOP OIL 20W-50 DR,04/12/2021,32,,
Bel-Ray,SHOP OIL 20W-50 DR,05/12/2021,25,,
Bel-Ray,SHOP OIL 20W-50 DR,06/12/2021,11,,
Bel-Ray,SHOP OIL 20W-50 DR,07/12/2021,57,,
Bel-Ray,SHOP OIL 20W-50 DR,08/12/2021,65,,
Bel-Ray,SHOP OIL 20W-50 DR,09/12/2021,22,,
Bel-Ray,SHOP OIL 20W-50 DR,10/12/2021,10,,
Bel-Ray,SHOP OIL 20W-50 DR,11/12/2021,20,,
Bel-Ray,SHOP OIL 20W-50 DR,12/12/2021,3,,
Bel-Ray,SHOP OIL 20W-50 DR,13/12/2021,15,,
Bel-Ray,SHOP OIL 20W-50 DR,14/12/2021,64,,
Bel-Ray,SHOP OIL 20W-50 DR,15/12/2021,85,,
Bel-Ray,SHOP OIL 20W-50 DR,16/12/2021,65,,
Bel-Ray,SHOP OIL 20W-50 DR,17/12/2021,73,,
Bel-Ray,SHOP OIL 20W-50 DR,18/12/2021,76,,
Bel-Ray,SHOP OIL 20W-50 DR,19/12/2021,77,,
Bel-Ray,SHOP OIL 20W-50 DR,20/12/2021,82,,
Bel-Ray,SHOP OIL 20W-50 DR,21/12/2021,83,,
Bel-Ray,SHOP OIL 20W-50 DR,22/12/2021,80,,
Bel-Ray,SHOP OIL 20W-50 DR,23/12/2021,93,,
Bel-Ray,SHOP OIL 20W-50 DR,24/12/2021,87,,
Bel-Ray,SHOP OIL 20W-50 DR,25/12/2021,32,,
Bel-Ray,SHOP OIL 20W-50 DR,26/12/2021,25,,
Bel-Ray,SHOP OIL 20W-50 DR,27/12/2021,11,,
Bel-Ray,SHOP OIL 20W-50 DR,28/12/2021,57,,
Bel-Ray,SHOP OIL 20W-50 DR,29/12/2021,65,,
Bel-Ray,SHOP OIL 20W-50 DR,30/12/2021,22,,
Bel-Ray,SHOP OIL 20W-50 DR,31/12/2021,10,,
Bel-Ray,SHOP OIL 20W-50 DR,01/01/2022,20,,
Bel-Ray,SHOP OIL 20W-50 DR,02/01/2022,3,,
Bel-Ray,SHOP OIL 20W-50 DR,03/01/2022,15,,
Bel-Ray,SHOP OIL 20W-50 DR,04/01/2022,64,,
Bel-Ray,SHOP OIL 20W-50 DR,05/01/2022,85,,
Bel-Ray,SHOP OIL 20W-50 DR,06/01/2022,65,,
Bel-Ray,SHOP OIL 20W-50 DR,07/01/2022,73,,
Bel-Ray,SHOP OIL 20W-50 DR,08/01/2022,76,,
Bel-Ray,SHOP OIL 20W-50 DR,09/01/2022,77,,
Bel-Ray,SHOP OIL 20W-50 DR,10/01/2022,82,,
Bel-Ray,SHOP OIL 20W-50 DR,11/01/2022,83,,
Bel-Ray,SHOP OIL 20W-50 DR,12/01/2022,80,,
Bel-Ray,SHOP OIL 20W-50 DR,13/01/2022,93,,
Bel-Ray,SHOP OIL 20W-50 DR,14/01/2022,87,,
Bel-Ray,SHOP OIL 20W-50 DR,15/01/2022,32,,
Bel-Ray,SHOP OIL 20W-50 DR,16/01/2022,25,,
Bel-Ray,SHOP OIL 20W-50 DR,17/01/2022,11,,
Bel-Ray,SHOP OIL 20W-50 DR,18/01/2022,57,,
Bel-Ray,SHOP OIL 20W-50 DR,19/01/2022,65,,
Bel-Ray,SHOP OIL 20W-50 DR,20/01/2022,22,,
Bel-Ray,SHOP OIL 20W-50 DR,21/01/2022,10,,
Bel-Ray,SHOP OIL 20W-50 DR,22/01/2022,20,,
Bel-Ray,SHOP OIL 20W-50 DR,23/01/2022,3,,
Bel-Ray,SHOP OIL 20W-50 DR,24/01/2022,15,,
Bel-Ray,SHOP OIL 20W-50 DR,25/01/2022,64,,
Bel-Ray,SHOP OIL 20W-50 DR,26/01/2022,85,,
Bel-Ray,SHOP OIL 20W-50 DR,27/01/2022,65,,