Product_Name,Calumet_Brand,Base_Img_URL
GEAR SAVER TRANS OIL 80W 12/1 LT,Bel-Ray,https://www.belray.com/wp-content/uploads/2018/08/Gear_Saver_Trans_Oil_80W_301708150160_P3524.02_1L_Front.jpg
SHOP OIL 20W-50 DR,Bel-Ray,https://www.belray.com/wp-content/uploads/2018/08/99435-301291-Bel-Ray-Drum-Label-Shop-Oil-20W-50.jpg
SHOP OIL 10W-40 1/55 G DR,Bel-Ray,https://www.belray.com/wp-content/uploads/2018/08/99435-301291-Bel-Ray-Drum-Label-Shop-Oil-20W-50.jpg
PRIMARY CHAINCASE LUBRICANT 12/1 LT,Bel-Ray,https://www.belray.com/wp-content/uploads/2019/02/Primary-Chaincase-Lubricant.jpg
EXL MIN 4T ENG OIL 10W-40 12/1 LT CS,Bel-Ray,https://www.belray.com/wp-content/uploads/2018/03/EXL_Mineral_Engine_Oil_Group_Front.jpg
V-TWIN MIN ENG OIL 20W-50 12/1 LT,Bel-Ray,https://www.belray.com/wp-content/uploads/2018/08/VTwin_Mineral_Engine_Oil_Group_Front.jpg
FOAM FILTER OIL,Bel-Ray,https://www.belray.com/wp-content/uploads/2018/08/Bel-Ray-Foam-Filter-Group.jpg
HIGH PERF FORK OIL 5W 12/1 LT CS,Bel-Ray,https://www.belray.com/wp-content/uploads/2018/08/Fork_Oil_5W_301408150160_P3538.02_1L_Front.jpg
BIG TWIN TRANSMISSION OIL 12/1 LT,Bel-Ray,https://www.belray.com/wp-content/uploads/2018/08/VTwin_Big_Twin_Trans_Oil_301828150160_P3949.02_1L_Front.jpg
HIGH PERF FORK OIL 10W 12/1 LT CS,Bel-Ray,https://www.belray.com/wp-content/uploads/2018/08/Fork_Oil_5W_301408150160_P3538.02_1L_Front.jpg
MC-4T MINERAL ENG OIL 10W-40 12/ LT US-E,Bel-Ray,https://www.belray.com/wp-content/uploads/2018/08/MC_4T_Mineral_20W_50_301713150145_P3676.03_1L_Front.jpg
GEAR SAVER HYPOID G/O 85W-140 12/1 LT,Bel-Ray,https://www.belray.com/wp-content/uploads/2018/09/Gear_Saver_Hypoid_85W_140_301707150160_P3588.02_1L_Front.jpg
GEAR SAVER HYPOID G/O 80W-90 12/1 LT CS,Bel-Ray,https://www.belray.com/wp-content/uploads/2018/09/Gear_Saver_Hypoid_85W_140_301707150160_P3588.02_1L_Front.jpg
EXL MIN 4T ENG OIL 10W-40 4/4 LT CS,Bel-Ray,https://www.belray.com/wp-content/uploads/2018/03/EXL_Mineral_Engine_Oil_Group_Front.jpg
THUMPER RAC SYN EST 4T 10W-40 12/1 LT CS,Bel-Ray,https://www.belray.com/wp-content/uploads/2018/08/Thumper_Racing_Synthetic_Blend_Engine_Oil_Group_Front.jpg
EXP SYN EST BLD 4T E/O 10W-40 4/4 LT CS,Bel-Ray,https://www.belray.com/wp-content/uploads/2018/03/EXP_Synthetic_Ester_Blend_Engine_Oil_Group_Front.jpg
EXP SYN EST BLD 4T E/O 10W-40 12/1 LT CS,Bel-Ray,https://www.belray.com/wp-content/uploads/2018/03/EXP_Synthetic_Ester_Blend_Engine_Oil_Group_Front.jpg
V-TWIN MIN ENG OIL 20W-50 4/4 LT CS,Bel-Ray,https://www.belray.com/wp-content/uploads/2018/08/VTwin_Mineral_Engine_Oil_Group_Front.jpg
V-TWIN SEMI-SYN ENG OIL 20W-50 4/4 LT CS,Bel-Ray,https://www.belray.com/wp-content/uploads/2018/08/VTwin_Semi_Synthetic_Engine_Oil_Group_Front.jpg
GEAR SAVER TRANS OIL 75W 12/1 LT CS,Bel-Ray,https://www.belray.com/wp-content/uploads/2018/08/Gear_Saver_Trans_Oil_80W_301708150160_P3524.02_1L_Front.jpg
V-TWIN SEMI-SYN ENG OIL 20W-50 12/1 LT,Bel-Ray,https://www.belray.com/wp-content/uploads/2018/08/VTwin_Semi_Synthetic_Engine_Oil_Group_Front.jpg
SUPER DOT 4 BRAKE FLUID 12/355 ML,Bel-Ray,https://www.belray.com/wp-content/uploads/2018/08/super_dot_4_brake_fluid.jpg
THUMPER RAC SYN EST 4T 10W-40 4/4 LT CS,Bel-Ray,https://www.belray.com/wp-content/uploads/2018/08/Thumper_Racing_Synthetic_Blend_Engine_Oil_Group_Front.jpg
HIGH PERF FORK OIL 15W 12/1 LT CS,Bel-Ray,
H1-R SYN EST 2T RAC ENG OIL 12/1 LT CS,Bel-Ray,
WATERPROOF GREASE 12/16 OZ TUB,Bel-Ray,
THUMPER GEAR SAV TRANS 80W-85 12/1 LT,Bel-Ray,
ATV TRAIL MIN 4T E/O 10W-40 12/1 LT CS,Bel-Ray,
HIGH PERF FORK OIL 20W 12/1 LT CS,Bel-Ray,
MOTO CHILL RACING COOLANT 12/1 LT CS,Bel-Ray,
V-TWIN SYN ENG OIL 10W-50 12/1 LT,Bel-Ray,
SI-7 SYN 2T ENG OIL 12/1 LT CS,Bel-Ray,
SUPER CLEAN CHAIN LUBE AEROSOL 12/400 ML,Bel-Ray,
2T MINERAL ENGINE OIL 12/1 LT CS,Bel-Ray,
SPORT TRANSMISSION FLUID 12/1 LT MULTI,Bel-Ray,
HIGH PERF FORK OIL 7W 12/1 LT CS,Bel-Ray,
FOAM FILTER OIL SPRAY AERO 12/400ML,Bel-Ray,
EXS SYN EST 4T ENG OIL 10W-50 12/1 LT CS,Bel-Ray,
EXL MIN 4T ENG OIL 20W-50 12/1 LT CS,Bel-Ray,
THUMPER WORKS SYNEST 4T 10W-50 12/1 LT,Bel-Ray,
EXS SYN EST 4T ENG OIL 10W-40 12/1 LT,Bel-Ray,
THUMPER RAC SYN EST 4T 15W-50 4/4 LT CS,Bel-Ray,
BEL-RAY ATV SXS 5W50 12/1,Bel-Ray,
THUMPER RAC SYN EST 4T 15W-50 12/1 LT,Bel-Ray,
HIGH PERF FORK OIL 30W 12/1 LT CS,Bel-Ray,
EXL MIN 4T ENG OIL 20W-50 4/4 LT CS,Bel-Ray,
THUMPER WORKS SYNEST 4T 10W-50 4/4 LT,Bel-Ray,
EXS SYN EST 4T ENG OIL 10W-50 4/4 LT CS,Bel-Ray,
EXS SYN EST 4T ENG OIL 10W40 4/4 LT CS,Bel-Ray,
EXP SYN EST BLD 4T E/O 15W-50 4/4 LT CS,Bel-Ray,
EXP SYN EST BLD 4T E/O 20W-50 12/1 LT CS,Bel-Ray,
SL-2 SEMI-SYN 2T ENG OIL 12/1 LT MULTI,Bel-Ray,
BLUE TAC CHAIN LUBE AERO 12/400ML,Bel-Ray,
SILICONE DOT 5 BRAKE FLUID 12/355 ML,Bel-Ray,
6 IN 1 AEROSOL 12/400 ML,Bel-Ray,
EXP SYN EST BLD 4T E/O 15W50 12/1 LT,Bel-Ray,
FOAM FILTER CLEANER&DEGREASER 12/400ML,Bel-Ray,
EXP SYN EST BLD 4T E/O 10W-40  DR,Bel-Ray,
WATERPROOF GREASE 12/14 OZ TUBE,Bel-Ray,
MC-4T MINERAL ENG OIL 20W-50 12/1 LT US-,Bel-Ray,
SUPER CLEAN CHAIN LUBE AEROSOL 12/175 ML,Bel-Ray,
MOLYLUBE ANTI-SEIZE COMPOUND,Bel-Ray,
EXL MIN 4T ENG OIL 10W-40,Bel-Ray,
EXP SYN EST BLD 4T E/O 10W-40 KG,Bel-Ray,
EXL MIN 4T ENG OIL 20W-50 DR,Bel-Ray,
THUMPER WORKS SYNEST 4T 10W-60 12/1 LT,Bel-Ray,
WATERPROOF GREASE 3/10 PK 14 OZ TUBE,Bel-Ray,
EXP SYN EST BLD 4T E/O 15W-50 1/55 G DR,Bel-Ray,
MOLYLUBE ANTI-SEIZE COMPOUND PL,Bel-Ray,
EXP SYN EST BLD 4T E/O 10W-30 12/1 LT CS,Bel-Ray,
CMT 30 BLK,Royal Purple,
CMT 30 DT3,Royal Purple,
CMT 50 DR,Royal Purple,
MAX GEAR SAE 75W140 BQ (SOLD BY THE 6 QUART CASE),Royal Purple,
MAX GEAR SAE 75W140 PL,Royal Purple,
MAX GEAR SAE 75W90 BQ (SOLD BY THE 6 QUART CASE),Royal Purple,
MAX GEAR SAE 75W90 PL,Royal Purple,
MAX GEAR SAE 80W90 PL,Royal Purple,
MAX GEAR SAE 85W140 BQ (SOLD BY THE 6 QUART CASE),Royal Purple,
QUADREX GAS ENGINE OIL 40 14HB DR,Royal Purple,
QUADREX GAS ENGINE OIL 40 DT3,Royal Purple,
SAE 5W40 CK-4 MOTOR OIL DR (Duralec Super),Royal Purple,
SAE 5W40 CK-4 MOTOR OIL BIB (Duralec Super),Royal Purple,
SAE 5W40 CK-4 MOTOR OIL 3/1 GAL CS (Duralec Super),Royal Purple,
SAE 10W30 CK-4 MOTOR OIL DR (Duralec Super),Royal Purple,
SAE 10W30 CK-4 MOTOR OIL PL (Duralec Super),Royal Purple,
SAE 10W30 CK-4 MOTOR OIL TOTE (Duralec Super),Royal Purple,
SAE 10W30 CK-4 MOTOR OILÊ 3/1 GAL CS (Duralec Super),Royal Purple,
SAE 10W30 HIGH PERFORMANCE STREET MOTOR OIL,Royal Purple,
SAE 10W30 HIGH PERFORMANCE STREET MOTOR OIL,Royal Purple,
SAE 10W30 HIGH PERFORMANCE STREET MOTOR OIL (Sold in a 6qt Case),Royal Purple,
SAE 10W40 HIGH PERFORMANCE STREET MOTOR OIL,Royal Purple,
SAE 10W40 HIGH PERFORMANCE STREET MOTOR OIL,Royal Purple,
SAE 10W40 HIGH PERFORMANCE STREET MOTOR OIL  (Sold in a 6qt Case),Royal Purple,
SAE 15W40 CK-4 MOTOR OIL DR (Duralec Super),Royal Purple,
SAE 15W40 CK-4 MOTOR OIL DT3 (Duralec Super),Royal Purple,
SAE 15W40 CK-4 MOTOR OIL PL (Duralec Super),Royal Purple,
SAE 20W50 HIGH PERFORMANCE STREET MOTOR OIL,Royal Purple,
SAE 20W50 HIGH PERFORMANCE STREET MOTOR OIL   (Sold in a 6qt Case),Royal Purple,
SAE 30 MOTOR OIL BQ   (Sold 6qt case),Royal Purple,
SAE 40 MOTOR OIL BQ  (Sold 6qt case),Royal Purple,
SAE 40 MOTOR OIL DR,Royal Purple,
SAE 50 MOTOR OIL BQ  (Sold 6qt case),Royal Purple,
SAE 50 MOTOR OIL PL,Royal Purple,
SAE 5W20 HIGH PERFORMANCE STREET MOTOR OIL,Royal Purple,
SAE 5W20 HIGH PERFORMANCE STREET MOTOR OIL  (Sold 6qt case),Royal Purple,
SAE 5W30 HIGH PERFORMANCE STREET MOTOR OIL,Royal Purple,
SAE 5W30 HIGH PERFORMANCE STREET MOTOR OIL,Royal Purple,
SAE 5W30 HIGH PERFORMANCE STREET MOTOR OIL  (Sold 6qt case),Royal Purple,
SYNDRAULIC 150 DT3,Royal Purple,
SYNDRAULIC 32 DR,Royal Purple,
SYNDRAULIC 46 BLK,Royal Purple,
SYNDRAULIC 46 DR,Royal Purple,
SYNDRAULIC 46 DT3,Royal Purple,
SYNDRAULIC 68 DR,Royal Purple,
UP GREASE 1 30CTG CS,Royal Purple,
UP GREASE 1 PL,Royal Purple,
UP GREASE 2 CTG  ( Sold by a 30 count case),Royal Purple,
UP GREASE 2 DMB,Royal Purple,
UP GREASE 2 KG,Royal Purple,
UP GREASE 2 PL,Royal Purple,